etsy_listing_id,etsy_title,etsy_sku_rows,matched_skus,etsy_only_skus,unavailable_skus,printify_duplicate_skus,shared_etsy_skus,listing_status
4514657407,Personalized Art Print Pet Portrait on Gallery Wrapped Canvas,3,3,0,0,0,0,FULLY_MATCHED
4514701886,"Personalized Vintage Botanical Portrait on Gallery Wrapped Canvas, Custom Dog or Cat Wall Art",3,3,0,0,0,0,FULLY_MATCHED
4514726518,"Personalized Vintage Botanical Pet Portrait, Custom Dog Cat Canvas Wall Art",12,12,0,0,0,0,FULLY_MATCHED
4514737638,"Personalized Framed Art Print on Gallery Wrapped Canvas, Custom Dog or Cat Wall Art",12,12,0,0,0,0,FULLY_MATCHED
4515298244,Personalized Pet Portrait Vintage Botanical Pattern Canvas Tote,4,4,0,0,0,0,FULLY_MATCHED
4515317283,Personalized Pet Portrait Vector Graphic Canvas Tote,2,2,0,0,0,0,FULLY_MATCHED
4515331146,"Personalized Art Deco Pet Portrait, Framed Dog Cat Canvas Wall Art",9,9,0,0,0,0,FULLY_MATCHED
4517104904,Personalized Framed Vector Pet Portrait on Gallery Wrapped Canvas,9,9,0,0,0,0,FULLY_MATCHED
4517113028,"Personalized Vector Pet Print on Gallery Wrapped Canvas, Custom Dog or Cat Wall Art",3,3,0,0,0,0,FULLY_MATCHED
4517149897,"Personalized Pet Sketch Portrait, Sepia Toned Dog Cat Canvas Wall Art",9,9,0,0,0,0,FULLY_MATCHED
4517149988,"Personalized Sepia Pet Portrait Canvas, Custom Dog Cat Wall Art",3,3,0,0,0,0,FULLY_MATCHED
4517528053,Capybara Tee Vintage Travel Capybara Cotton T-Shirt,42,42,0,0,0,0,FULLY_MATCHED
4517533489,Vintage Capybara Travel Poster: Tropical Beach Paradise Canvas Wrap,3,3,0,0,0,0,FULLY_MATCHED
4517534127,Vintage Capybara Travel Tote Bag: Paradise Vibes Canvas Tote,1,1,0,0,0,0,FULLY_MATCHED
4517685051,"Funny Capybara Tee Personalized ""is on Capy Time"" Cotton T Shirt",42,42,0,0,0,0,FULLY_MATCHED
4518052788,"Custom Framed Watercolor Pet Portrait on Wrapped Canvas, Personalized Dog or Cat Wall Art",6,6,0,0,0,0,FULLY_MATCHED
4518056943,"Custom Watercolor Pet Portrait on Gallery Wrapped Canvas, Personalized Dog or Cat Wall Art",3,3,0,0,0,0,FULLY_MATCHED
4521395216,"Personalized Pet Portrait Mouse Pad, Custom Photo Desk Decor, Realistic Memorial Gift",1,1,0,0,0,0,FULLY_MATCHED
4521429355,"Personalized Pet Photo Desk Mat, Custom Dog or Cat Mouse Pad, Office Gift",1,1,0,0,0,0,FULLY_MATCHED
4523147592,"Capybara Shirt Don't Worry, Be Capy Funny Capybara Beach Garment Dyed Cotton T-Shirt",35,35,0,0,0,0,FULLY_MATCHED
4523150711,"Capybara Sweatshirt, Don't Worry Be Capy Crewneck Sweatshirt | Retro Beach Sunset",18,18,0,0,0,0,FULLY_MATCHED
4523159077,"Personalized Journal The Adventures of Journal, Capybara Don't Worry, Be Capy, Custom Notebook",1,1,0,0,0,0,FULLY_MATCHED
4524652265,Capybara Shirt Renaissance Art Parody Tee | Capybara Lover Gift | Michelangelo Inspired Graphic T-Shirt,35,35,0,0,0,0,FULLY_MATCHED
4524665296,"Capybara Tank Top | Renaissance Art Parody Sleeveless Shirt, Creation of Adam",37,37,0,0,0,0,FULLY_MATCHED
4524668247,"Capybara Sweatshirt, Museum Humor Crewneck, Animal Lover Gift, Renaissance Art",18,18,0,0,0,0,FULLY_MATCHED
4524688249,"Capybara Tote Bag: Renaissance Art Parody Canvas Tote, Funny Museum Humor",1,1,0,0,0,0,FULLY_MATCHED
4524703715,"Capybara Print, Museum Creation of Adam Parody Wall Art, Funny Renaissance Gallery Wrapped Canvas",4,3,1,0,0,0,PARTIALLY_MATCHED
4524721772,Funny Capybara American Gothic Tote Bag: Farmhouse Art Parody Canvas Tote,1,1,0,0,0,0,FULLY_MATCHED
4524800291,"Capybara Journal: American Gothic Parody Notebook, Funny Farmhouse Art Writing Gift",1,1,0,0,0,0,FULLY_MATCHED
4524815892,"Capybara T-Shirt: Vintage Art Parody Farmhouse Humor Cotton Tee, American Gothic",35,35,0,0,0,0,FULLY_MATCHED
4524820768,"Capybara Sweatshirt – Funny Rodent Art Apparel, American Gothic Parody",30,30,0,0,0,0,FULLY_MATCHED
4525144730,Funny Capybara American Gothic Sweatshirt – Vintage Art Parody Crewneck,18,18,0,0,0,0,FULLY_MATCHED
4525146950,Funny Capybara American Gothic Parody T Shirt: Vintage Farmhouse Humor Cotton Tee,35,35,0,0,0,0,FULLY_MATCHED
4526243853,"Capybara Mug – Funny Animal Lover Gift, Zen Office Drinkware, Vitruvian Man",2,2,0,0,0,1,FULLY_MATCHED
4526264100,"Capybara Tote Bag: Funny Animal Canvas Tote, Vitruvian Man",1,1,0,0,0,0,FULLY_MATCHED
4526275896,Capybara Art Print: Vitruvian Renaissance Funny Animal Science Humor,3,3,0,0,0,0,FULLY_MATCHED
4526286810,"Capybara Sweatshirt: Meditation Animal Lover Yoga Zen Design, Vitruvian Motif",24,24,0,0,0,0,FULLY_MATCHED
4526288451,Capybara Shirt: Humorous Vitruvian Yoga Animal Graphic Tee,21,21,0,0,0,0,FULLY_MATCHED
4527958576,"Custom Pet Portrait Canvas Wall Art: Personalized Dog, Cat Memorial Gallery Wrapped Print",4,4,0,0,0,0,FULLY_MATCHED
4527968820,Custom Pet Photo Tote Bag: Personalized Black Canvas Tote,1,1,0,0,0,0,FULLY_MATCHED
4530540146,"Custom Pet Portrait Canvas: Vintage Circus Dog Art, Personalized Name Print",3,3,0,0,0,0,FULLY_MATCHED
4530548021,"Personalized Vintage Circus Pet T-Shirt, Custom Pet Photo Tee, Comfort Colors Shirt, FunHaus Style",21,21,0,0,0,0,FULLY_MATCHED
4531191545,Custom Pet Circus Sweatshirt: Vintage Carnival Dog or Cat Lover Retro Apparel,24,24,0,0,0,0,FULLY_MATCHED
4532123027,Personalized Pet Nutcracker Glass Ornament: Custom Dog Cat Christmas Keepsake,1,1,0,0,0,0,FULLY_MATCHED
4532226644,Personalized Pet Nutcracker Christmas Mug: Custom Dog or Cat Coffee Cup,1,1,0,0,0,0,FULLY_MATCHED
4532255496,Personalized Pet Photo Nutcracker Ornament: Custom Cat or Dog Christmas Decoration,1,1,0,0,0,0,FULLY_MATCHED
4533082639,"Funny Capybara The Scream Parody T Shirt, Embrace Chaos Graphic Tee",6,6,0,0,0,0,FULLY_MATCHED
4533101951,"Capybara Tote, Embrace Chaos Art Parody Shopping Bag, Cotton Canvas Tote",1,1,0,0,0,1,FULLY_MATCHED
4533104890,"Funny Mug, Capybara Scream Mug, Embrace Chaos Art Parody Coffee Cup, Coworker Boss Gift",1,1,0,0,0,0,FULLY_MATCHED
4533108764,"Capybara Scream Canvas, Museum Parody Art Print, Embrace Chaos Wall Decor",3,3,0,0,0,0,FULLY_MATCHED
4533470705,"Personalized Pet Memorial Ornament, Custom Photo Acrylic Keepsake, Dog Cat Sympathy Gift",1,1,0,0,0,0,FULLY_MATCHED
4533501256,"Pet Memorial Plaque Personalized, Custom Photo Slate Sign, Pet Loss Sympathy Keepsake Decor",1,1,0,0,0,0,FULLY_MATCHED
4533570901,"Possum Raccoon Pie Coffee Mug, Funny Black Ceramic Cup, Animal Lover Gift",2,2,0,0,0,0,FULLY_MATCHED
4533586183,"Possum Raccoon Pie Graphic Tee, Funny Wildlife Animal Shirt",6,6,0,0,0,0,FULLY_MATCHED
4533603855,"Possum Raccoon Canvas Art, We Heard Pie Funny Print, Animal Kitchen Wall Decor",3,3,0,0,0,0,FULLY_MATCHED
4533604864,"Possum Raccoon Pie Sweatshirt, Funny Wildlife Animal Crewneck Pullover",24,24,0,0,0,0,FULLY_MATCHED
4534053500,"Personalized Pet Memorial Plaque, Custom Acrylic Dog Cat Loss Keepsake",2,2,0,0,0,2,FULLY_MATCHED
4534082762,"Raccoon Opossum Christmas Lights Shirt, Funny Caffeine Denial Holiday Tee",12,12,0,0,0,0,FULLY_MATCHED
4534095250,"Funny Raccoon Opossum Christmas Mug, Caffeine Denial Coffee Cup, Coworker Boss Gift",1,1,0,0,0,0,FULLY_MATCHED
4534116806,"Raccoon Possum Christmas Sweatshirt, Funny Caffeine Denial Crewneck, Holiday Animal Pullover",30,30,0,0,0,0,FULLY_MATCHED
4534663924,"Custom Pet Portrait Memorial Keychain, Acrylic Pet Loss Keepsake (Digital Proof)",1,1,0,0,0,0,FULLY_MATCHED
4535853531,"Pet Memorial Blanket Personalized, Custom Pet Portrait Woven Throw, Cotton Keepsake Sympathy Gift",2,2,0,0,0,0,FULLY_MATCHED
4536275746,"Woodland Animals Sweatshirt, Capybara Raccoon Possum Crewneck, Cozy Nature Lover Pullover",42,42,0,0,0,0,FULLY_MATCHED
4536659890,"Custom Pet Christmas Tree Skirt, Personalized Dog Cat Holiday Decor",2,2,0,0,0,0,FULLY_MATCHED
4536671049,"Capybara Halloween Shirt, Funny Ghost Witch Pumpkin Tee, Spooky Season Comfort Colors Shirt",78,78,0,0,0,78,FULLY_MATCHED
4537153115,"Capybara Raccoon Mug, Trash Panda Funny Coffee Cup, Whimsical Animal Gift, Coworker Boss Gift",2,2,0,0,0,2,FULLY_MATCHED
4537211768,"Pet Memorial Plaque Personalized, Custom Watercolor Portrait, Dog Cat Sympathy Gift, Acrylic Wood Stand",1,1,0,0,0,1,FULLY_MATCHED
4537361779,"Capybara Halloween Mug, Witch Ghost Vampire Coffee Cup, Black Ceramic Spooky Gift",2,2,0,0,0,0,FULLY_MATCHED
4537770769,"Angel Capybara Sweatshirt, Heaven Sent Mostly Funny Crewneck, Cozy Animal Lover Pullover",24,24,0,0,0,0,FULLY_MATCHED
4537837936,"Angel Capybara Mug, Heaven Sent Mostly Coffee Cup, Ceramic Accent Mug",6,6,0,0,0,0,FULLY_MATCHED
4537944517,"Possum Sweatshirt, Personalized Playing Dead Is Your Cardio, Custom Name Opossum Crewneck, Animal Lover Gift",24,24,0,0,0,0,FULLY_MATCHED
4537963209,"Possum Mug, Playing Dead Is Your Cardio, Custom Name Funny Opossum Coffee Cup, Personalized Ceramic Gift",6,6,0,0,0,0,FULLY_MATCHED
4539111045,"Hedgehog Christmas Ornament, Acrylic Woodland Animal Decor, Funny Cozy Winter Gift, Coworker Boss Gift",1,1,0,0,0,0,FULLY_MATCHED
4539436795,"Opossum Christmas Mug, Funny Santa's Helper Coffee Cup, Coworker Boss Gift, Animal Lover Mug",4,4,0,0,0,0,FULLY_MATCHED
4539441881,"Opossum Christmas Crewneck, Funny Santa's Helper Wildlife Sweatshirt",24,24,0,0,0,0,FULLY_MATCHED
4539598130,"Funny Opossum Santa's Helper Christmas Shirt, Wildlife Animal Lover Tee",21,21,0,0,0,0,FULLY_MATCHED
4539624952,"Opossum Raccoon Pie Shirt, Funny Thanksgiving Graphic Tee, Fall Animal Lover Gift",21,21,0,0,0,0,FULLY_MATCHED
4539637872,"Opossum Raccoon Pie Sweatshirt, Funny Thanksgiving Crewneck, Fall Animal Lover Gift",24,24,0,0,0,0,FULLY_MATCHED
4539639671,"Opossum Raccoon Pie Dad Hat, Funny Thanksgiving Baseball Cap, Fall Animal Lover Gift",5,5,0,0,0,0,FULLY_MATCHED
4541479929,"Snowflake Monogram Mug, Personalized Christmas Coffee Cup, Custom Initial Holiday Mug, Coworker Boss Gift",2,2,0,0,0,0,FULLY_MATCHED
4541495675,"Personalized Snowflake Monogram Tote Bag, Custom Initial Christmas Shopping Bag",12,12,0,0,0,12,FULLY_MATCHED
4542880582,"Customizable Chicken Coop T-Shirt, Farmhouse Flock Apparel, Comfort Colors Tee",21,21,0,0,0,0,FULLY_MATCHED
4545848047,"Customizable Chicken Flock T-Shirt, Backyard Chicken Lover Apparel, Homestead Tee",21,21,0,0,0,0,FULLY_MATCHED
4546858787,"Too Cool for the Coop Chicken Shirt, Funny Rooster Graphic Tee, Backyard Farmer Apparel",21,21,0,0,0,0,FULLY_MATCHED
4546875991,"Chicken Canvas Print, Too Cool for the Coop Wall Art, Funny Farmhouse Chicken Decor, Backyard Chicken Lover Gift, Optional Personalization",4,4,0,0,0,0,FULLY_MATCHED
4546898721,"Chicken Garden Flag, Too Cool for the Coop Double Sided Flag, Funny Backyard Chicken Decor, Farmhouse Yard Flag, Chicken Lover Gift",2,2,0,0,0,2,FULLY_MATCHED
4546902358,"Too for the Coop Chicken Tote Bag, Farmhouse Canvas Shopping Bag",2,2,0,0,0,2,FULLY_MATCHED
4546923012,"Custom Chicken Garden Flag, Personalized Flock Yard Decor, Farmhouse Backyard Banner",2,2,0,0,0,0,FULLY_MATCHED
4546958384,"Custom Pet Memorial Garden Flag, Watercolor Portrait Remembrance Decor",2,2,0,0,0,2,FULLY_MATCHED
4546990376,"Customizable Chicken Flock Mug, Farmhouse Coffee Cup, Backyard Chicken Lover Gift",5,5,0,0,0,0,FULLY_MATCHED
4547057899,"Too for Coop Chicken Shirt, Funny Farm Animal Graphic Tee",28,28,0,0,0,0,FULLY_MATCHED
4547082306,"Too Cool For Coop Chicken Mug, Funny Farmhouse Ceramic Cup, 11 Oz",1,1,0,0,0,0,FULLY_MATCHED
4547117910,"Customizable Chicken Flock Sweatshirt, Personalized Farm Crewneck, Backyard Chicken Keeper Apparel",24,24,0,0,0,0,FULLY_MATCHED
4547129630,"Personalized Chicken Tote Bag, Custom Flock Farmhouse Shopping Bag",1,1,0,0,0,1,FULLY_MATCHED
4547136042,"Custom Chicken Mom Shirt, Personalized Flock Tee, Backyard Chicken Keeper Apparel",28,28,0,0,0,0,FULLY_MATCHED
4547573036,"Personalized Pet Christmas Garden Flag, Santa Hat Portrait, Double-Sided Holiday Decor",2,2,0,0,0,2,FULLY_MATCHED
4547678576,"Personalized Cat Christmas Garden Flag, Holiday Yard Decor",2,2,0,0,0,2,FULLY_MATCHED
4547688830,"Thanksgiving Raccoon Possum Pie Garden Flag, Funny Autumn Fall Outdoor Decor",2,2,0,0,0,2,FULLY_MATCHED
4547703408,"Personalized Thanksgiving Woodland Animals Garden Flag, Custom Family Name Fall Porch Decor",2,2,0,0,0,0,FULLY_MATCHED
4548063219,"Custom Autumn Garden Flag, Woodland Animals Family Name Porch Decor",2,2,0,0,0,2,FULLY_MATCHED
4548114403,"Custom Hanukkah Garden Flag, Woodland Animals Menorah Porch Decor",2,2,0,0,0,2,FULLY_MATCHED
4548170754,"Personalized Hanukkah Doormat, Woodland Animals Menorah Welcome Mat, Jewish Holiday Porch Decor",1,1,0,0,0,0,FULLY_MATCHED
4548240255,"Woodland Animals Hanukkah Tote Bag, Reusable Festival of Lights Shopping Bag",4,4,0,0,0,0,FULLY_MATCHED
4548244100,"Personalized Hanukkah Mug, Woodland Animal Jewish Holiday Gift",1,1,0,0,0,0,FULLY_MATCHED
4548249667,"Hanukkah Ornament 2026, Ceramic Woodland Animal Menorah Keepsake",4,4,0,0,0,4,FULLY_MATCHED
4548272258,"Personalized Hanukkah Ceramic Ornament, Woodland Animals Shine Bright Keepsake",4,4,0,0,0,0,FULLY_MATCHED
4548547637,"Personalized First Christmas Together Ornament, Woodland Animals, 2026 Keepsake (Round or Star)",8,8,0,0,0,0,FULLY_MATCHED
4548561817,"Personalized Ceramic Christmas Ornament, Woodland Animals Family Keepsake (2026)",8,8,0,0,0,8,FULLY_MATCHED
4551087235,"Personalized Hanukkah Table Runner, Custom Jewish Holiday Decor, Matching Napkins",18,0,18,0,0,18,NO_PRINTIFY_PRODUCTS
4551770695,"Personalized Christmas Table Runner, Family Name Holiday Decor, 4 Festive Designs",24,0,24,0,0,24,NO_PRINTIFY_PRODUCTS
4552226059,"Personalized Christmas Doormat, Custom Family Welcome Mat, Holiday Designs",5,0,5,0,0,5,NO_PRINTIFY_PRODUCTS
4553309630,"Custom Hanukkah Doormat, Personalized Jewish Holiday Welcome Rug, Menorah Dreidel Design",2,2,0,0,0,2,FULLY_MATCHED
4553348716,"Personalized Sherpa Fleece Blanket, Custom Christmas Throw, Elf Reindeer Plaid Designs",10,0,10,0,0,10,NO_PRINTIFY_PRODUCTS
4553377454,"Personalized Hanukkah Sherpa Fleece Blanket, Festival of Lights Throw, Two Designs",4,0,4,0,0,4,NO_PRINTIFY_PRODUCTS
4553425287,"Halloween Table Runner, Ghost Vampire Mummy Fall Decor, Personalized Autumn Centerpiece",6,0,6,0,0,6,NO_PRINTIFY_PRODUCTS
4553914929,"Personalized Thanksgiving Harvest Table Runner, Custom Family Fall Decor",6,0,6,0,0,6,NO_PRINTIFY_PRODUCTS
4553958504,"Personalized Christmas Tote Bag, Reusable Gift Bag, Festive Design (3 Sizes)",15,0,15,0,0,15,NO_PRINTIFY_PRODUCTS
4553966891,"Personalized Hanukkah Tote Bag, Reusable Jewish Gift Wrap",6,0,6,0,0,6,NO_PRINTIFY_PRODUCTS
4554600263,"Personalized Hanukkah Tote Bag, Reusable Jewish Holiday Accessory, Custom Tag",6,0,6,0,0,6,NO_PRINTIFY_PRODUCTS
4554601577,"Personalized Christmas Tote Bag, Reusable Festive Bag, Festive Design, Custom Tag",15,0,15,0,0,15,NO_PRINTIFY_PRODUCTS
4554604387,"Custom Hanukkah Doormat, Personalized Family Welcome Rug, Blue Menorah Dreidel Design",2,2,0,0,0,2,FULLY_MATCHED
4554616070,"Personalized Sherpa Fleece Blanket, Custom Christmas Throw, Elf Reindeer Plaid Designs",10,0,10,0,0,10,NO_PRINTIFY_PRODUCTS
4554616404,"Personalized Hanukkah Sherpa Fleece Blanket, Festival of Lights Gift, Blue Gold Designs",4,0,4,0,0,4,NO_PRINTIFY_PRODUCTS
4554623150,"Personalized Christmas Doormat, Custom Family Welcome Mat, Holiday Plaid Rug Designs",5,0,5,0,0,5,NO_PRINTIFY_PRODUCTS
4554667392,"Hanukkah Pillow, Personalized Faux Suede Custom Gift Tag Design",8,0,8,0,0,8,NO_PRINTIFY_PRODUCTS
4554684813,"Christmas Pillow, Personalized Faux Suede Plaid Throw with Gift Tag",8,0,8,0,0,8,NO_PRINTIFY_PRODUCTS
4554699463,"Personalized Snowflake Monogram Tote Bag, Custom Initial Christmas Gift",12,12,0,0,0,12,FULLY_MATCHED
4554700261,"Capybara Raccoon Ceramic Mug, Whimsical Animal Coffee Cup, Funny Coworker Boss Gift",7,7,0,0,0,3,FULLY_MATCHED
4554701147,"Sherpa Blanket, Custom Name Fall Leaves Throw, Personalized Cozy Fleece, Autumn Home Decor",4,4,0,0,0,0,FULLY_MATCHED
4554706420,"Personalized Plaid Pillow, Faux Suede Christmas Bow Design with Gift Tag",8,0,8,0,0,8,NO_PRINTIFY_PRODUCTS
4554706846,"Hanukkah Pillow, Personalized Faux Suede Holiday Throw with Insert",8,0,8,0,0,8,NO_PRINTIFY_PRODUCTS
4554708636,"Canvas Tote Bag, Too for Coop Chickens, Farmhouse Shopping Bag",2,2,0,0,0,2,FULLY_MATCHED
4554710012,"Pet Memorial Plaque Personalized, Custom Watercolor Portrait, Dog Cat Sympathy Gift, Acrylic Wood Stand",1,1,0,0,0,1,FULLY_MATCHED
4554713122,"Personalized Chicken Flock Tote Bag, Custom Name Design, Farmhouse Shopping Bag",1,1,0,0,0,1,FULLY_MATCHED
4554777202,"Personalized Thanksgiving Table Runner, Grateful Hearts Gather Fall Decor",6,0,6,0,0,6,NO_PRINTIFY_PRODUCTS
4554782140,"Halloween Table Runner, Ghost Vampire Mummy Fall Decor, Personalized Centerpiece (Optional Napkins)",6,0,6,0,0,6,NO_PRINTIFY_PRODUCTS
4554783618,"Personalized Christmas Table Runner, Custom Family Name Holiday Decor, 4 Festive Designs",24,0,24,0,0,24,NO_PRINTIFY_PRODUCTS
4554784478,"Personalized Christmas Table Runner, Festive Family Holiday Decor, 4 Designs, Optional Napkins",24,0,24,0,0,24,NO_PRINTIFY_PRODUCTS
4554786156,"Personalized Christmas Family Name Table Runner, 4 Festive Designs, Optional Napkins",24,0,24,0,0,24,NO_PRINTIFY_PRODUCTS
4554787768,"Personalized Hanukkah Table Runner, Family Name Jewish Holiday Decor",18,0,18,0,0,18,NO_PRINTIFY_PRODUCTS
4555268619,"Personalized Faux Suede Christmas Pillow Cover, Custom Tag Decor",16,0,16,0,0,16,NO_PRINTIFY_PRODUCTS
4555294703,"Personalized Faux Suede Christmas Pillow Cover, Custom Tag Decor (4 Sizes)",16,0,16,0,0,16,NO_PRINTIFY_PRODUCTS
4555305589,"Personalized Hanukkah Garden Flag, Woodland Animals Menorah Porch Decor",2,2,0,0,0,2,FULLY_MATCHED
4555306819,"Thanksgiving Raccoon Possum Pie Flag, Funny Autumn Fall Double Sided Yard Decor",2,2,0,0,0,2,FULLY_MATCHED
4555307157,"Personalized Cat Christmas Garden Flag, Holiday Pet Name Yard Decor",2,2,0,0,0,2,FULLY_MATCHED
4555307559,"Personalized Pet Christmas Garden Flag, Custom Pet Name Holiday Yard Decor",2,2,0,0,0,2,FULLY_MATCHED
4555307889,"Custom Pet Memorial Garden Flag, Watercolor Dog Remembrance Sympathy Gift",2,2,0,0,0,2,FULLY_MATCHED
4555309797,"Capybara Halloween Shirt, Funny Ghost Witch Pumpkin Tee, Spooky Season Comfort Colors Shirt",78,78,0,0,0,78,FULLY_MATCHED
4555310663,"Capybara Halloween Shirt, Funny Ghost Witch Pumpkin Tee, Spooky Season Comfort Colors Shirt",78,78,0,0,0,78,FULLY_MATCHED
4555311693,"Raccoon Opossum Tote Bag, Funny Caffeine Denial Design, Holiday Canvas Gift Bag",1,1,0,0,0,0,FULLY_MATCHED
4555317022,"Personalized Ceramic Christmas Ornament, Woodland Animals Family Keepsake, Round or Star",8,8,0,0,0,8,FULLY_MATCHED
4555318010,"Hanukkah Ornament 2026, Ceramic Woodland Animal Menorah Decor, Festival Lights Keepsake",4,4,0,0,0,4,FULLY_MATCHED
4555318408,"Personalized Autumn Garden Flag, Woodland Animals, Custom Family Name Fall Decor",2,2,0,0,0,2,FULLY_MATCHED
4555320738,"Chicken Garden Flag, Too Cool for the Coop Double Sided Flag, Funny Backyard Chicken Decor, Farmhouse Yard Flag, Chicken Lover Gift",2,2,0,0,0,2,FULLY_MATCHED
4555321598,"Personalized Pet Memorial Plaque, Custom Dog Cat Loss Keepsake, Acrylic Sympathy Sign",2,2,0,0,0,2,FULLY_MATCHED
4555322516,"Capybara Halloween Shirt, Funny Ghost Witch Pumpkin Tee, Spooky Season Comfort Colors Shirt",78,78,0,0,0,78,FULLY_MATCHED
4555323242,"Capybara Halloween Shirt, Funny Ghost Witch Pumpkin Tee, Spooky Season Comfort Colors Shirt",78,78,0,0,0,78,FULLY_MATCHED
4555324692,"Capybara Tote, Embrace Chaos Art Parody Shopping Bag, Cotton Canvas Tote",1,1,0,0,0,1,FULLY_MATCHED
4555873876,Personalized Framed Royal Pet Portrait on Gallery Wrapped Canvas,24,24,0,0,0,0,FULLY_MATCHED
4556984930,"Personalized Spooky Pumpkin Halloween Table Runner, Custom Fall Dining Decor",6,0,6,0,0,0,NO_PRINTIFY_PRODUCTS
4557429557,"Personalized Thanksgiving Table Runner, Custom Fall Table Decor, Autumn Pumpkin Runner for Thanksgiving Dinner, Optional Matching Napkins",6,0,6,0,0,0,NO_PRINTIFY_PRODUCTS
4558226653,"Personalized Blanket, Custom Family Name Throw, Snowflake Sherpa Fleece",6,0,6,0,0,0,NO_PRINTIFY_PRODUCTS
4559021971,"Personalized Fall Blanket, Custom Name Autumn Throw, Cozy Grandma Gift, Instant Preview",2,2,0,0,0,0,FULLY_MATCHED
4559436165,"Personalized Blanket, Velveteen Custom Name Throw in 50x60 or 60x80",6,0,6,0,0,0,NO_PRINTIFY_PRODUCTS
4559501995,"Hanukkah Blanket, Personalized Velveteen Family Name Throw, 300 Gsm, 50x60 or 60x80",4,0,4,0,0,0,NO_PRINTIFY_PRODUCTS
4559566941,"Personalized Blanket, Custom Family Name Throw, Holiday Gift",10,0,10,0,0,0,NO_PRINTIFY_PRODUCTS
4561977513,"Personalized Pet Memorial Pillow, Custom Dog or Cat Photo Keepsake, Pet Loss Sympathy Gift",16,0,16,0,0,0,NO_PRINTIFY_PRODUCTS
4561993417,"Pet Memorial Pillow, Personalized Faux Suede Cover in 4 Sizes",16,0,16,0,0,0,NO_PRINTIFY_PRODUCTS
4566956315,"Memory Ornament, Personalized Ceramic Photo Keepsake Set, Custom Holiday Decoration",3,3,0,0,0,3,FULLY_MATCHED
4567701053,"Custom Ornament Set, Personalized Ceramic Photo Keepsake in Sets of 3, 5, or 10",3,3,0,0,0,3,FULLY_MATCHED
4568115501,"Photo Ornament, Personalized Ceramic Sets of 3, 5, or 10",3,3,0,0,0,0,FULLY_MATCHED
4569716347,"Custom Sweatshirt, Personalized Chief Memory Maker Crewneck, Mother Daughter Gift, Family Holiday Sweatshirt, Instant Preview",42,42,0,0,0,0,FULLY_MATCHED
4569768034,"Personalized Tote, 100% Cotton Canvas 15 x 16 Inch Holiday Shopping Bag",1,1,0,0,0,0,FULLY_MATCHED
4569776473,"Personalized Apron, 100% Polyester Chief Memory Maker Custom Cooking",1,1,0,0,0,0,FULLY_MATCHED
4569832511,"Personalized Hoodie, Chief Memory Maker Design, 50% Cotton Pullover with Custom Name",56,56,0,0,0,0,FULLY_MATCHED
4570322135,"Personalized Blanket, 100% Polyester Sherpa Throw in 50×60 or 60×80",2,2,0,0,0,0,FULLY_MATCHED
4570324294,"Memory Maker Shirt, Personalized Comfort Colors® Tee with Holiday Artwork",42,42,0,0,0,0,FULLY_MATCHED
4571598979,"Christmas Shopping Tote, Funny Holiday Errand Bag for Mom, Reusable Cotton Canvas Gift",1,1,0,0,0,0,FULLY_MATCHED
4572253547,"Custom Garden Flag, Personalized Chief Holiday Chaos Officer, 100% Poly Poplin Canvas",2,2,0,0,0,0,FULLY_MATCHED
4572281790,"Custom Garden Flag, Personalized Family Name Holiday Decor in 2 Sizes",2,2,0,0,0,0,FULLY_MATCHED
4572940029,"Personalized Christmas Sweatshirt, Custom Name Gingerbread Sweatshirt, Holiday Magic Maker, Christmas Gift for Mom",24,24,0,0,0,0,FULLY_MATCHED
4573064561,"Gingerbread Crewneck, 50/50 Cotton-Poly Holiday Pullover with 3 Character Options",72,72,0,0,0,0,FULLY_MATCHED
4573323113,"Gingerbread Apron, 100% Polyester Personalized Holiday Baking with 3 Designs",3,3,0,0,0,0,FULLY_MATCHED
4573448138,"Custom Christmas Tee, Personalized Comfort Colors Shirt with Gingerbread Design",42,42,0,0,0,0,FULLY_MATCHED
4573451235,"Funny Christmas Shirt, Gingerbread Man Tee, Sarcastic Holiday Gift, Fa La La B*tches",84,84,0,0,0,0,FULLY_MATCHED
4573630110,"Gingerbread Ornament, Ceramic Funny Holiday Decor in Sets of 3, 5, or 10",9,9,0,0,0,0,FULLY_MATCHED
4574100827,"Gingerbread Man Mug, 11 Oz Ceramic Christmas Coffee Cup",1,1,0,0,0,0,FULLY_MATCHED
4574118957,"Christmas Tote Bag, 12 Oz Cotton Canvas Gingerbread Shopper with Sarcastic Holiday Print",1,1,0,0,0,0,FULLY_MATCHED
4574151716,"Gingerbread Apron, 100% Polyester Canvas with Adjustable Tie-Back Closure",1,1,0,0,0,0,FULLY_MATCHED
4574188695,"Personalized Candle, 9 Oz Gingerbread Soy Wax with Custom Name and Scent Options",4,4,0,0,0,0,FULLY_MATCHED
4574588661,"Personalized Blanket, Fern Throw with Custom Name and Sherpa Fleece",2,2,0,0,0,0,FULLY_MATCHED
4575210498,"It&#39;s Fall Y&#39;all Shirt, Turkey Gnome Graphic Tee in 100% Cotton",54,54,0,0,0,0,FULLY_MATCHED
4575243991,"Halloween Shirt, Jack-O-Lantern Tee With Pumpkin Pie Humor, 100% Cotton",24,24,0,0,0,0,FULLY_MATCHED
4575258611,"Halloween Sweatshirt, 50/50 Blend Crewneck with Sarcastic Pumpkin Graphic",24,24,0,0,0,0,FULLY_MATCHED
4575320656,"Personalized Hanukkah Shirt, Custom Name Gnome Tee, 8 Days of Attitude, Funny Chanukah Gift, Jewish Holiday Shirt",48,48,0,0,0,0,FULLY_MATCHED
4575344080,"Personalized Shirt, 100% Cotton Thanksgiving Tee with Custom Name Turkey Design",24,24,0,0,0,0,FULLY_MATCHED
4575364428,"Personalized Christmas Shirt, Custom Name Naughty List Tee, Funny Elf Holiday Top",30,30,0,0,0,0,FULLY_MATCHED
4575502191,"Niagara Frontier Chord Authority T-Shirt | Music Notes, Choir Logo",8,8,0,0,0,0,FULLY_MATCHED
4575899029,"Personalized Hanukkah Mug, 12oz Ceramic Gnome Coffee Cup, Custom Name, Both Sides Printed",1,1,0,0,0,0,FULLY_MATCHED
4576032446,"Custom Baking Apron, Personalized Polyester Christmas with Pockets",1,1,0,0,0,0,FULLY_MATCHED
4576047765,"New Years Crewneck, Gnome Sweatshirt In 50/50 Cotton-Poly Blend, 8 Oz/yd",18,18,0,0,0,0,FULLY_MATCHED
4577954834,"2027 New Year&#39;s Eve T-Shirt, Funny Animal NYE Party Shirt",160,160,0,0,0,0,FULLY_MATCHED
4578110924,"New Year&#39;s Eve Sweatshirt, Funny NYE Axolotl Party Shirt, 2027 or No Year",48,48,0,0,0,0,FULLY_MATCHED
4578115469,"New Year&#39;s Eve Shirt, Another Trip Around the Sun, Funny Gnome NYE Party Tee",24,24,0,0,0,0,FULLY_MATCHED
4578126457,"Named Journal, Personalized 2027 Axolotl Notebook with Metal Spiral, 6 x 8 in",1,1,0,0,0,0,FULLY_MATCHED
4578548368,"New Year&#39;s Eve Trucker Hat, Funny Chicken Party Cap",3,3,0,0,0,0,FULLY_MATCHED
4578600102,"Funny New Year&#39;s Eve Shirt, Out With The Old In With The Fabulous Chickens",84,84,0,0,0,0,FULLY_MATCHED
4579124308,"Couples Pillow, Faux Suede Personalized Design with 3 Custom Text Blocks",4,4,0,0,0,0,FULLY_MATCHED
4579125085,"Custom Couple Mug, 12 Oz White Ceramic Latte Mug with Personalized Text",1,1,0,0,0,0,FULLY_MATCHED
4579128889,"Custom Couple Shirt, 3 Text Blocks, Comfort Colors® S–4XL",28,28,0,0,0,0,FULLY_MATCHED
4579273154,"Personalized Blanket, Custom Sherpa Fleece with Names and Date, 50x60 or 60x80",2,2,0,0,0,0,FULLY_MATCHED
4580460247,"Hanukkah Mug, 12 Oz White Ceramic Latte Cup with Ninja Gnome Design",1,1,0,0,0,0,FULLY_MATCHED
4580491196,"Hanukkah Shirt with Blue Gnomes, 100% Cotton Jewish Tee in 8 Sizes",32,32,0,0,0,0,FULLY_MATCHED
4580501953,"Thanksgiving Apron, Raccoon Pie Design, 100% Polyester Holiday Baking",1,1,0,0,0,0,FULLY_MATCHED
4580555306,"Personalized Phone Case, Watercolor Multi-Pet Portraits, Custom Names",1224,1224,0,0,0,0,FULLY_MATCHED
4580689777,"Custom Pet Blanket, Velveteen Multi-Pet Portrait Throw with Faux Quilted Print",2,2,0,0,0,0,FULLY_MATCHED
4580715596,"Hanukkah Garden Flag, Not Today Santa Gnome Design, Printed Faux-Quilted Decor",2,2,0,0,0,0,FULLY_MATCHED
4581142324,"Custom Garden Flag, Multi-Pet Portrait on 100% Poly Poplin Canvas",2,2,0,0,0,0,FULLY_MATCHED
4581173598,"Custom Pet Flag, Personalized Polyester Garden in Two Sizes",2,2,0,0,0,0,FULLY_MATCHED
4581960308,"Custom Pet Cutting Glass Board, Watercolor Multi-Pet Portrait With Names",2,2,0,0,0,0,FULLY_MATCHED
