etsy_listing_key,etsy_api_listing_id
API_LISTING_4533101951,4533101951
API_LISTING_4536671049,4536671049
API_LISTING_4537211768,4537211768
API_LISTING_4539428491,4539428491
API_LISTING_4546898721,4546898721
API_LISTING_4547538787,4547538787
API_LISTING_4547714523,4547714523
API_LISTING_4553348716,4553348716
API_LISTING_4554616070,4554616070
API_LISTING_4554616404,4554616404
API_LISTING_4554667392,4554667392
API_LISTING_4554700261,4554700261
API_LISTING_4554706846,4554706846
API_LISTING_4554710012,4554710012
API_LISTING_4554710696,4554710696
API_LISTING_4554784478,4554784478
API_LISTING_4555309797,4555309797
API_LISTING_4555310663,4555310663
API_LISTING_4555320430,4555320430
API_LISTING_4555320738,4555320738
API_LISTING_4555322516,4555322516
API_LISTING_4555323242,4555323242
API_LISTING_4555324692,4555324692
API_LISTING_4558226653,4558226653
API_LISTING_4559021971,4559021971
API_LISTING_4559436165,4559436165
API_LISTING_4559441906,4559441906
API_LISTING_4559501995,4559501995
API_LISTING_4559566941,4559566941
API_LISTING_4561977513,4561977513
API_LISTING_4561993417,4561993417
API_LISTING_4566956315,4566956315
API_LISTING_4567701053,4567701053
API_LISTING_4568115501,4568115501
CSV_ROW_10,4555322516
CSV_ROW_100,4537361779
CSV_ROW_101,4554710012
CSV_ROW_102,4537153115
CSV_ROW_103,4555323242
CSV_ROW_104,4536659890
CSV_ROW_105,4536275746
CSV_ROW_106,4535853531
CSV_ROW_107,4534663924
CSV_ROW_108,4534116806
CSV_ROW_109,4534095250
CSV_ROW_11,4555321598
CSV_ROW_110,4534082762
CSV_ROW_111,4534053500
CSV_ROW_112,4533603855
CSV_ROW_113,4533604864
CSV_ROW_114,4533586183
CSV_ROW_115,4533570901
CSV_ROW_116,4533501256
CSV_ROW_117,4533470705
CSV_ROW_118,4555324692
CSV_ROW_119,4533108764
CSV_ROW_12,4546898721
CSV_ROW_120,4533104890
CSV_ROW_121,4533082639
CSV_ROW_122,4532255496
CSV_ROW_123,4532226644
CSV_ROW_124,4532123027
CSV_ROW_125,4531191545
CSV_ROW_126,4530548021
CSV_ROW_127,4530540146
CSV_ROW_128,4527968820
CSV_ROW_129,4527958576
CSV_ROW_130,4526288451
CSV_ROW_131,4526286810
CSV_ROW_132,4526275896
CSV_ROW_133,4526264100
CSV_ROW_134,4526243853
CSV_ROW_135,4525146950
CSV_ROW_136,4525144730
CSV_ROW_137,4524820768
CSV_ROW_138,4524815892
CSV_ROW_139,4524800291
CSV_ROW_14,4555307889
CSV_ROW_140,4524721772
CSV_ROW_141,4524703715
CSV_ROW_142,4524688249
CSV_ROW_143,4524668247
CSV_ROW_144,4524665296
CSV_ROW_145,4524652265
CSV_ROW_146,4523159077
CSV_ROW_147,4523150711
CSV_ROW_148,4523147592
CSV_ROW_149,4521429355
CSV_ROW_15,4555307559
CSV_ROW_150,4521395216
CSV_ROW_151,4518056943
CSV_ROW_152,4518052788
CSV_ROW_153,4517685051
CSV_ROW_154,4517534127
CSV_ROW_155,4517533489
CSV_ROW_156,4517528053
CSV_ROW_157,4517149988
CSV_ROW_158,4517149897
CSV_ROW_159,4517113028
CSV_ROW_16,4555307157
CSV_ROW_160,4517104904
CSV_ROW_161,4515331146
CSV_ROW_162,4515317283
CSV_ROW_163,4515298244
CSV_ROW_165,4514737638
CSV_ROW_166,4514726518
CSV_ROW_167,4514701886
CSV_ROW_168,4514657407
CSV_ROW_17,4555306819
CSV_ROW_18,4555318408
CSV_ROW_19,4555318010
CSV_ROW_2,4557429557
CSV_ROW_20,4555305589
CSV_ROW_21,4555317022
CSV_ROW_22,4555294703
CSV_ROW_23,4555268619
CSV_ROW_24,4554787768
CSV_ROW_25,4554786156
CSV_ROW_26,4554784478
CSV_ROW_27,4554783618
CSV_ROW_28,4554782140
CSV_ROW_29,4554777202
CSV_ROW_3,4556984930
CSV_ROW_30,4554713122
CSV_ROW_31,4554701147
CSV_ROW_32,4554700261
CSV_ROW_33,4554699463
CSV_ROW_35,4537211768
CSV_ROW_36,4554708636
CSV_ROW_37,4554667392
CSV_ROW_38,4554706420
CSV_ROW_39,4554684813
CSV_ROW_40,4554706846
CSV_ROW_41,4554623150
CSV_ROW_42,4554604387
CSV_ROW_44,4553348716
CSV_ROW_45,4554601577
CSV_ROW_46,4554600263
CSV_ROW_47,4553966891
CSV_ROW_48,4553958504
CSV_ROW_49,4553914929
CSV_ROW_5,4533101951
CSV_ROW_50,4553425287
CSV_ROW_51,4553377454
CSV_ROW_52,4554616070
CSV_ROW_53,4553309630
CSV_ROW_54,4552226059
CSV_ROW_55,4551770695
CSV_ROW_56,4551087235
CSV_ROW_57,4548561817
CSV_ROW_58,4548547637
CSV_ROW_59,4548272258
CSV_ROW_6,4555311693
CSV_ROW_60,4548249667
CSV_ROW_61,4548114403
CSV_ROW_62,4548240255
CSV_ROW_63,4548244100
CSV_ROW_64,4548170754
CSV_ROW_65,4548063219
CSV_ROW_66,4554701147
CSV_ROW_67,4547703408
CSV_ROW_68,4547688830
CSV_ROW_69,4547678576
CSV_ROW_7,4536671049
CSV_ROW_70,4547573036
CSV_ROW_72,4547136042
CSV_ROW_73,4547129630
CSV_ROW_74,4547117910
CSV_ROW_75,4547082306
CSV_ROW_76,4547057899
CSV_ROW_77,4546990376
CSV_ROW_78,4546958384
CSV_ROW_79,4546923012
CSV_ROW_8,4555309797
CSV_ROW_80,4555320738
CSV_ROW_81,4546902358
CSV_ROW_82,4546875991
CSV_ROW_83,4546858787
CSV_ROW_84,4545848047
CSV_ROW_85,4542880582
CSV_ROW_86,4541495675
CSV_ROW_87,4541479929
CSV_ROW_88,4539639671
CSV_ROW_89,4539637872
CSV_ROW_9,4555310663
CSV_ROW_90,4539624952
CSV_ROW_91,4539598130
CSV_ROW_92,4539441881
CSV_ROW_93,4539436795
CSV_ROW_95,4539111045
CSV_ROW_96,4537963209
CSV_ROW_97,4537944517
CSV_ROW_98,4537837936
CSV_ROW_99,4537770769
